patch,no-diff,same-length,content-diff,length-diff,with-diff,cnt
patch10-Math-20-Arja-plausible,False,False,False,False,False,1
patch10-Math-28-Arja-plausible,True,True,True,True,True,1
patch10-Math-80-Arja-plausible,True,False,False,True,True,1
patch10-Math-80-CapGen-plausible,True,False,False,True,True,1
patch10-Math-85-SequenceR,False,False,False,False,False,1
patch11-Math-20-Arja-plausible,False,False,False,False,False,1
patch11-Math-28-Arja-plausible,True,True,True,True,True,1
patch11-Math-80-Arja-plausible,True,False,False,True,True,1
patch11-Math-85-SequenceR,False,False,False,False,False,1
patch12-Math-80-Arja-plausible,True,False,False,True,True,1
patch12-Math-85-SequenceR,False,False,False,False,False,1
patch13-Math-80-Arja-plausible,True,False,False,True,True,1
patch13-Math-85-SequenceR,False,False,False,False,False,1
patch14-Math-80-Arja-plausible,True,False,False,True,True,1
patch14-Math-85-SequenceR,False,False,False,False,False,1
patch15-Math-80-Arja-plausible,True,False,False,True,True,1
patch15-Math-85-SequenceR,False,False,False,False,False,1
patch16-Math-85-SequenceR,False,False,False,False,False,1
patch17-Math-85-SequenceR,False,False,False,False,False,1
patch1-Math-18-Cardumen,True,True,False,True,True,1
patch1-Math-20-Arja-plausible,False,False,False,False,False,1
patch1-Math-20-Cardumen,False,False,False,False,False,1
patch1-Math-20-Elixir-plausible,False,False,False,False,False,1
patch1-Math-20-JGenProg2017,False,False,False,False,False,1
patch1-Math-20-ssFix-plausible,True,True,True,True,True,1
patch1-Math-25-ACS,False,False,False,False,False,1
patch1-Math-28-ACS-plausible,True,True,True,True,True,1
patch1-Math-28-Arja-plausible,True,True,True,True,True,1
patch1-Math-28-Cardumen,True,True,True,True,True,1
patch1-Math-28-DeepRepair,True,True,True,True,True,1
patch1-Math-28-JGenProg2017,True,True,True,True,True,1
patch1-Math-28-jKali,True,True,True,True,True,1
patch1-Math-28-jMutRepair,True,True,True,True,True,1
patch1-Math-28-SimFix-plausible,True,True,True,True,True,1
patch1-Math-28-ssFix-plausible,True,True,True,True,True,1
patch1-Math-2-Arja-plausible,True,False,True,False,True,1
patch1-Math-2-Cardumen,False,False,True,True,True,1
patch1-Math-2-Elixir-plausible,True,False,True,False,True,1
patch1-Math-2-JGenProg2015-plausible,True,False,True,False,True,1
patch1-Math-2-JGenProg2017,True,False,True,False,True,1
patch1-Math-2-jMutRepair,True,False,True,True,True,1
patch1-Math-2-SOFix,True,False,True,False,True,1
patch1-Math-2-SOFix-plausible,True,False,True,False,True,1
patch1-Math-30-Cardumen,True,False,False,True,True,1
patch1-Math-30-Elixir,True,True,True,False,True,1
patch1-Math-30-SequenceR,True,True,True,False,True,1
patch1-Math-30-ssFix-plausible,True,True,True,False,True,1
patch1-Math-31-Arja-plausible,True,False,False,False,False,1
patch1-Math-32-Cardumen,True,False,True,True,True,1
patch1-Math-32-Elixir-plausible,True,False,False,True,True,1
patch1-Math-32-Jaid,True,False,False,True,True,1
patch1-Math-32-Jaid-plausible,True,False,False,True,True,1
patch1-Math-32-JGenProg2017,True,True,False,False,False,1
patch1-Math-32-jKali,True,False,False,True,True,1
patch1-Math-33-CapGen,True,True,True,True,True,1
patch1-Math-33-Cardumen,True,True,True,True,True,1
patch1-Math-33-Elixir,True,True,True,True,True,1
patch1-Math-33-SimFix,True,True,True,True,True,1
patch1-Math-33-SketchFix,True,True,True,True,True,1
patch1-Math-33-SketchFix-plausible,True,True,True,True,True,1
patch1-Math-33-SOFix,True,True,True,True,True,1
patch1-Math-33-ssFix,True,True,True,True,True,1
patch1-Math-34-Elixir,False,False,False,False,False,1
patch1-Math-34-HDRepair,False,False,False,False,False,1
patch1-Math-34-SOFix,False,False,False,False,False,1
patch1-Math-39-Arja,True,True,False,True,True,1
patch1-Math-39-JGenProg2017,True,True,False,True,True,1
patch1-Math-3-ACS,True,True,False,True,True,1
patch1-Math-46-Cardumen,True,True,False,False,False,1
patch1-Math-49-Arja-plausible,True,False,False,True,True,1
patch1-Math-49-Cardumen,True,False,False,True,True,1
patch1-Math-49-JGenProg2015-plausible,False,False,False,True,True,1
patch1-Math-49-JGenProg2017,True,False,False,True,True,1
patch1-Math-49-jKali,True,False,False,True,True,1
patch1-Math-49-Nopol2015-plausible,True,False,False,True,True,1
patch1-Math-53-Arja,True,True,False,True,True,1
patch1-Math-53-DeepRepair,True,False,False,True,True,1
patch1-Math-53-Jaid,True,False,False,True,True,1
patch1-Math-53-Jaid-plausible,True,False,False,True,True,1
patch1-Math-53-JGenProg2015,True,True,False,True,True,1
patch1-Math-53-JGenProg2017,True,False,False,True,True,1
patch1-Math-53-SimFix,True,True,False,True,True,1
patch1-Math-53-ssFix,True,True,False,True,True,1
patch1-Math-56-JGenProg2017,True,False,False,True,True,1
patch1-Math-57-CapGen,True,True,True,True,True,1
patch1-Math-57-Elixir,True,True,True,True,True,1
patch1-Math-57-jMutRepair,True,True,False,True,True,1
patch1-Math-57-SequenceR,True,True,True,True,True,1
patch1-Math-57-SimFix,True,True,True,True,True,1
patch1-Math-57-SOFix,True,True,True,True,True,1
patch1-Math-57-ssFix-plausible,True,True,True,True,True,1
patch1-Math-58-Arja,False,True,False,False,False,1
patch1-Math-58-Cardumen,False,False,False,False,False,1
patch1-Math-58-Elixir,False,True,False,False,False,1
patch1-Math-58-jMutRepair,False,False,False,False,False,1
patch1-Math-58-Nopol2015-plausible,True,False,False,True,True,1
patch1-Math-58-SequenceR,False,True,False,False,False,1
patch1-Math-59-Elixir,False,False,False,False,False,1
patch1-Math-59-SequenceR,False,False,False,False,False,1
patch1-Math-59-ssFix,False,False,False,False,False,1
patch1-Math-5-ACS,True,True,True,True,True,1
patch1-Math-5-Arja,True,True,False,False,False,1
patch1-Math-5-CapGen,True,True,True,True,True,1
patch1-Math-5-CapGen-plausible,True,True,True,True,True,1
patch1-Math-5-Cardumen,True,True,True,True,True,1
patch1-Math-5-Elixir,True,True,False,False,False,1
patch1-Math-5-Jaid,True,True,False,True,True,1
patch1-Math-5-JGenProg2015,True,True,False,False,False,1
patch1-Math-5-JGenProg2017,True,True,False,False,False,1
patch1-Math-5-SequenceR,True,True,False,False,False,1
patch1-Math-62-Cardumen,True,True,True,False,True,1
patch1-Math-63-CapGen,False,False,False,False,False,1
patch1-Math-63-CapGen-plausible,False,False,False,False,False,1
patch1-Math-63-Cardumen,False,False,False,False,False,1
patch1-Math-63-Elixir-plausible,False,False,False,False,False,1
patch1-Math-63-SequenceR,False,False,False,False,False,1
patch1-Math-65-CapGen,True,True,True,False,True,1
patch1-Math-68-Arja-plausible,True,True,False,True,True,1
patch1-Math-6-Arja-plausible,False,False,False,False,False,1
patch1-Math-6-Cardumen,False,False,False,False,False,1
patch1-Math-6-SimFix-plausible,False,False,False,False,False,1
patch1-Math-70-Arja,False,False,False,False,False,1
patch1-Math-70-Cardumen,False,False,False,False,False,1
patch1-Math-70-Elixir,False,False,False,False,False,1
patch1-Math-70-JGenProg2015,False,False,False,False,False,1
patch1-Math-70-JGenProg2017,False,False,False,False,False,1
patch1-Math-70-ssFix,False,False,False,False,False,1
patch1-Math-71-Arja-plausible,True,True,True,True,True,1
patch1-Math-73-ACS-plausible,True,True,False,True,True,1
patch1-Math-73-Arja,True,True,False,True,True,1
patch1-Math-73-Cardumen,True,True,False,False,False,1
patch1-Math-73-Elixir-plausible,True,True,False,False,False,1
patch1-Math-73-JGenProg2015,True,True,False,False,False,1
patch1-Math-73-JGenProg2017,True,True,False,True,True,1
patch1-Math-73-SimFix-plausible,True,True,False,False,False,1
patch1-Math-74-Arja-plausible,True,True,True,True,True,1
patch1-Math-74-Cardumen,False,False,False,False,False,1
patch1-Math-74-JGenProg2017,True,True,True,True,True,1
patch1-Math-75-Elixir,False,False,False,False,False,1
patch1-Math-78-Cardumen,True,False,True,True,True,1
patch1-Math-78-JGenProg2017,True,True,True,True,True,1
patch1-Math-79-Cardumen,True,False,False,True,True,1
patch1-Math-79-SimFix,False,False,False,True,True,1
patch1-Math-79-ssFix-plausible,True,False,False,True,True,1
patch1-Math-7-JGenProg2017,True,True,False,False,False,1
patch1-Math-80-Arja-plausible,True,False,False,True,True,1
patch1-Math-80-CapGen,True,False,False,True,True,1
patch1-Math-80-CapGen-plausible,True,False,False,True,True,1
patch1-Math-80-Cardumen,True,False,False,True,True,1
patch1-Math-80-Elixir-plausible,True,False,False,True,True,1
patch1-Math-80-Jaid,True,False,False,True,True,1
patch1-Math-80-Jaid-plausible,True,False,False,True,True,1
patch1-Math-80-JGenProg2017,True,False,False,True,True,1
patch1-Math-80-jKali,True,False,False,True,True,1
patch1-Math-80-jMutRepair,False,False,False,True,True,1
patch1-Math-80-Nopol2017,True,False,False,True,True,1
patch1-Math-80-SequenceR,True,False,False,True,True,1
patch1-Math-80-SimFix-plausible,True,False,False,True,True,1
patch1-Math-80-SOFix,True,False,False,True,True,1
patch1-Math-80-ssFix,True,False,False,True,True,1
patch1-Math-81-ACS-plausible,True,True,False,True,True,1
patch1-Math-81-Cardumen,True,True,False,True,True,1
patch1-Math-81-DeepRepair,True,True,True,True,True,1
patch1-Math-81-JGenProg2017,True,True,False,True,True,1
patch1-Math-81-jKali,True,True,False,True,True,1
patch1-Math-81-jMutRepair,True,True,False,True,True,1
patch1-Math-81-SimFix-plausible,True,True,False,True,True,1
patch1-Math-85-ACS,False,False,False,False,False,1
patch1-Math-85-CapGen,False,False,False,False,False,1
patch1-Math-85-CapGen-plausible,False,False,False,False,False,1
patch1-Math-85-Cardumen,False,False,False,False,False,1
patch1-Math-85-Elixir,False,False,False,False,False,1
patch1-Math-85-HDRepair,False,False,False,False,False,1
patch1-Math-85-Jaid,False,False,False,False,False,1
patch1-Math-85-Jaid-plausible,False,False,False,False,False,1
patch1-Math-85-JGenProg2017,False,False,False,False,False,1
patch1-Math-85-jKali,False,False,False,False,False,1
patch1-Math-85-jMutRepair,False,False,False,False,False,1
patch1-Math-85-Nopol2015-plausible,False,False,False,False,False,1
patch1-Math-85-SequenceR,False,False,False,False,False,1
patch1-Math-85-SimFix-plausible,False,False,False,False,False,1
patch1-Math-85-SOFix,False,False,False,False,False,1
patch1-Math-8-Arja-plausible,True,True,False,True,True,1
patch1-Math-8-Cardumen,True,True,False,True,True,1
patch1-Math-8-JGenProg2017,True,True,False,True,True,1
patch1-Math-8-SimFix-plausible,True,True,False,True,True,1
patch1-Math-8-ssFix-plausible,True,True,False,True,True,1
patch1-Time-11-Arja-plausible,False,False,False,False,False,1
patch1-Time-11-Cardumen,True,True,True,True,True,1
patch1-Time-11-Elixir-plausible,False,False,False,False,False,1
patch1-Time-11-JGenProg2017,True,True,True,True,True,1
patch1-Time-11-jKali,False,False,False,False,False,1
patch1-Time-11-jMutRepair,False,False,False,False,False,1
patch1-Time-11-Nopol2015-plausible,True,True,True,True,True,1
patch1-Time-14-Arja-plausible,False,False,False,True,True,1
patch1-Time-15-ACS,True,False,False,True,True,1
patch1-Time-15-Arja,False,False,False,True,True,1
patch1-Time-15-Elixir,True,False,False,True,True,1
patch1-Time-17-Cardumen,False,False,False,True,True,1
patch1-Time-18-Cardumen,False,False,False,True,True,1
patch1-Time-19-SOFix,False,False,False,True,True,1
patch1-Time-4-Cardumen,False,False,False,False,False,1
patch1-Time-4-Elixir,True,True,False,True,True,1
patch1-Time-4-JGenProg2015-plausible,False,False,False,False,False,1
patch1-Time-4-JGenProg2017,False,False,False,False,False,1
patch1-Time-7-Cardumen,False,False,False,True,True,1
patch1-Time-7-SimFix,False,False,False,True,True,1
patch1-Time-9-Cardumen,False,False,False,True,True,1
patch2-Math-18-Cardumen,True,True,True,True,True,1
patch2-Math-20-Arja-plausible,False,False,False,False,False,1
patch2-Math-20-Cardumen,False,False,False,False,False,1
patch2-Math-20-JGenProg2017,False,False,False,False,False,1
patch2-Math-20-jKali,False,False,False,False,False,1
patch2-Math-28-Arja-plausible,True,True,True,True,True,1
patch2-Math-28-Cardumen,True,True,True,True,True,1
patch2-Math-28-JGenProg2017,True,True,True,True,True,1
patch2-Math-28-jKali,True,True,True,True,True,1
patch2-Math-28-jMutRepair,True,True,True,True,True,1
patch2-Math-2-Arja-plausible,True,False,True,False,True,1
patch2-Math-2-Cardumen,True,False,True,True,True,1
patch2-Math-2-JGenProg2017,True,False,True,False,True,1
patch2-Math-2-jMutRepair,True,False,True,False,True,1
patch2-Math-2-SOFix-plausible,True,False,True,False,True,1
patch2-Math-30-Cardumen,True,False,False,True,True,1
patch2-Math-31-Arja-plausible,True,False,False,False,False,1
patch2-Math-32-Cardumen,True,False,True,True,True,1
patch2-Math-32-JGenProg2017,True,False,True,False,True,1
patch2-Math-46-Cardumen,True,True,False,False,False,1
patch2-Math-49-Arja-plausible,True,False,False,True,True,1
patch2-Math-49-JGenProg2017,False,False,False,True,True,1
patch2-Math-49-jKali,True,False,False,True,True,1
patch2-Math-53-Jaid,True,True,False,True,True,1
patch2-Math-53-Jaid-plausible,True,True,False,True,True,1
patch2-Math-53-JGenProg2017,True,True,False,True,True,1
patch2-Math-5-CapGen-plausible,True,True,True,True,True,1
patch2-Math-5-Jaid,True,True,False,True,True,1
patch2-Math-62-Cardumen,True,True,True,False,True,1
patch2-Math-63-CapGen-plausible,False,False,False,False,False,1
patch2-Math-63-Cardumen,False,False,False,False,False,1
patch2-Math-6-Arja-plausible,False,False,False,False,False,1
patch2-Math-6-Cardumen,False,False,False,False,False,1
patch2-Math-70-Cardumen,False,False,False,False,False,1
patch2-Math-70-JGenProg2017,False,False,False,False,False,1
patch2-Math-73-Cardumen,True,True,False,False,False,1
patch2-Math-73-JGenProg2017,True,True,False,False,False,1
patch2-Math-74-Cardumen,True,True,True,True,True,1
patch2-Math-74-JGenProg2017,True,True,True,True,True,1
patch2-Math-78-Cardumen,True,True,True,True,True,1
patch2-Math-78-JGenProg2017,True,True,True,True,True,1
patch2-Math-79-Cardumen,True,False,False,True,True,1
patch2-Math-80-Arja-plausible,True,False,False,True,True,1
patch2-Math-80-CapGen-plausible,True,False,False,True,True,1
patch2-Math-80-Cardumen,True,False,False,True,True,1
patch2-Math-80-Jaid,True,False,False,True,True,1
patch2-Math-80-Jaid-plausible,True,False,False,True,True,1
patch2-Math-80-JGenProg2017,True,True,False,True,True,1
patch2-Math-80-jKali,True,False,False,True,True,1
patch2-Math-81-Cardumen,True,True,False,True,True,1
patch2-Math-81-JGenProg2017,True,True,True,True,True,1
patch2-Math-81-jKali,True,True,False,True,True,1
patch2-Math-81-jMutRepair,True,True,False,True,True,1
patch2-Math-85-CapGen-plausible,False,False,False,False,False,1
patch2-Math-85-Cardumen,False,False,False,False,False,1
patch2-Math-85-Jaid-plausible,False,False,False,False,False,1
patch2-Math-85-JGenProg2017,False,False,False,False,False,1
patch2-Math-85-jKali,False,False,False,False,False,1
patch2-Math-85-SequenceR,False,False,False,False,False,1
patch2-Math-8-Arja-plausible,True,True,False,True,True,1
patch2-Math-8-Cardumen,True,True,False,True,True,1
patch2-Math-8-JGenProg2017,True,True,False,True,True,1
patch2-Time-11-Arja-plausible,True,True,True,True,True,1
patch2-Time-11-Cardumen,False,False,False,False,False,1
patch2-Time-11-JGenProg2017,False,False,False,False,False,1
patch2-Time-11-jKali,False,False,False,False,False,1
patch2-Time-11-jMutRepair,False,False,False,False,False,1
patch2-Time-17-Cardumen,False,False,False,True,True,1
patch2-Time-4-Arja-plausible,False,False,False,False,False,1
patch2-Time-4-Cardumen,False,False,False,False,False,1
patch2-Time-4-JGenProg2017,False,False,False,False,False,1
patch3-Math-18-Cardumen,True,True,True,True,True,1
patch3-Math-20-Arja-plausible,False,False,False,False,False,1
patch3-Math-20-Cardumen,False,False,False,False,False,1
patch3-Math-20-JGenProg2017,False,False,False,False,False,1
patch3-Math-20-jKali,False,False,False,False,False,1
patch3-Math-28-Arja-plausible,True,True,True,True,True,1
patch3-Math-28-Cardumen,True,True,True,True,True,1
patch3-Math-28-JGenProg2017,True,True,True,True,True,1
patch3-Math-28-jKali,True,True,True,True,True,1
patch3-Math-28-jMutRepair,True,True,True,True,True,1
patch3-Math-2-Arja-plausible,True,False,True,False,True,1
patch3-Math-2-Cardumen,False,False,True,True,True,1
patch3-Math-2-JGenProg2017,True,False,True,False,True,1
patch3-Math-2-jMutRepair,True,False,True,False,True,1
patch3-Math-30-Cardumen,True,False,False,True,True,1
patch3-Math-31-Arja-plausible,True,False,False,False,False,1
patch3-Math-46-Cardumen,True,True,False,False,False,1
patch3-Math-49-Arja-plausible,True,False,False,True,True,1
patch3-Math-49-Cardumen,True,False,False,True,True,1
patch3-Math-53-Jaid-plausible,True,True,False,True,True,1
patch3-Math-5-CapGen-plausible,True,True,True,True,True,1
patch3-Math-5-Cardumen,True,True,True,True,True,1
patch3-Math-5-Jaid,True,True,False,True,True,1
patch3-Math-63-CapGen-plausible,False,False,False,False,False,1
patch3-Math-63-Cardumen,False,False,False,False,False,1
patch3-Math-70-Cardumen,False,False,False,False,False,1
patch3-Math-73-Cardumen,True,True,False,False,False,1
patch3-Math-73-JGenProg2017,True,True,False,False,False,1
patch3-Math-74-JGenProg2017,True,True,True,True,True,1
patch3-Math-78-Cardumen,True,True,True,True,True,1
patch3-Math-78-JGenProg2017,True,True,True,True,True,1
patch3-Math-79-Cardumen,True,False,False,True,True,1
patch3-Math-80-Arja-plausible,True,False,False,True,True,1
patch3-Math-80-CapGen-plausible,True,False,False,True,True,1
patch3-Math-80-Cardumen,True,False,False,True,True,1
patch3-Math-80-Jaid-plausible,True,False,False,True,True,1
patch3-Math-80-JGenProg2017,True,True,False,True,True,1
patch3-Math-80-jKali,True,False,False,True,True,1
patch3-Math-81-Cardumen,True,False,True,True,True,1
patch3-Math-81-JGenProg2017,True,True,True,True,True,1
patch3-Math-81-jKali,True,True,False,True,True,1
patch3-Math-81-jMutRepair,True,True,False,True,True,1
patch3-Math-85-CapGen-plausible,False,False,False,False,False,1
patch3-Math-85-Cardumen,False,False,False,False,False,1
patch3-Math-85-Jaid-plausible,False,False,False,False,False,1
patch3-Math-85-JGenProg2017,False,False,False,False,False,1
patch3-Math-85-jKali,False,False,False,False,False,1
patch3-Math-85-SequenceR,False,False,False,False,False,1
patch3-Math-8-Arja-plausible,True,True,False,True,True,1
patch3-Math-8-Cardumen,True,True,False,True,True,1
patch3-Time-11-Arja-plausible,False,False,False,False,False,1
patch3-Time-11-Cardumen,False,False,False,False,False,1
patch3-Time-11-JGenProg2017,False,False,False,False,False,1
patch3-Time-11-jKali,False,False,False,False,False,1
patch3-Time-11-jMutRepair,False,False,False,False,False,1
patch3-Time-17-Cardumen,False,False,False,True,True,1
patch3-Time-4-Cardumen,False,False,False,False,False,1
patch3-Time-4-JGenProg2017,False,False,False,False,False,1
patch4-Math-18-Cardumen,True,True,False,True,True,1
patch4-Math-20-Cardumen,False,False,False,False,False,1
patch4-Math-20-JGenProg2017,False,False,False,False,False,1
patch4-Math-28-Arja-plausible,True,True,True,True,True,1
patch4-Math-28-Cardumen,True,True,True,True,True,1
patch4-Math-28-JGenProg2017,True,True,True,True,True,1
patch4-Math-28-jKali,True,True,True,True,True,1
patch4-Math-28-jMutRepair,True,True,True,True,True,1
patch4-Math-2-Arja-plausible,True,False,True,False,True,1
patch4-Math-2-Cardumen,True,False,True,True,True,1
patch4-Math-2-JGenProg2017,True,False,True,False,True,1
patch4-Math-2-jMutRepair,True,False,True,False,True,1
patch4-Math-30-Cardumen,True,False,False,True,True,1
patch4-Math-31-Arja-plausible,True,False,False,False,False,1
patch4-Math-46-Cardumen,True,True,False,False,False,1
patch4-Math-49-Arja-plausible,True,False,False,True,True,1
patch4-Math-49-Cardumen,True,False,False,True,True,1
patch4-Math-49-JGenProg2017,True,False,False,True,True,1
patch4-Math-5-Cardumen,True,True,True,True,True,1
patch4-Math-63-Cardumen,False,False,False,False,False,1
patch4-Math-70-Cardumen,False,False,False,False,False,1
patch4-Math-73-Cardumen,True,True,False,False,False,1
patch4-Math-73-JGenProg2017,True,True,False,False,False,1
patch4-Math-74-JGenProg2017,True,True,True,True,True,1
patch4-Math-78-Cardumen,True,True,True,True,True,1
patch4-Math-78-JGenProg2017,True,True,True,True,True,1
patch4-Math-79-Cardumen,True,False,False,True,True,1
patch4-Math-80-Arja-plausible,True,False,False,True,True,1
patch4-Math-80-CapGen-plausible,True,False,False,True,True,1
patch4-Math-80-Cardumen,True,False,False,True,True,1
patch4-Math-80-JGenProg2017,True,False,False,True,True,1
patch4-Math-80-jKali,True,True,False,True,True,1
patch4-Math-81-Cardumen,True,False,True,True,True,1
patch4-Math-81-JGenProg2017,True,False,True,True,True,1
patch4-Math-81-jKali,True,True,False,True,True,1
patch4-Math-81-jMutRepair,True,True,False,True,True,1
patch4-Math-85-Cardumen,False,False,False,False,False,1
patch4-Math-85-Jaid-plausible,False,False,False,False,False,1
patch4-Math-85-JGenProg2017,False,False,False,False,False,1
patch4-Math-85-SequenceR,False,False,False,False,False,1
patch4-Math-8-Arja-plausible,True,True,False,True,True,1
patch4-Math-8-Cardumen,True,True,False,True,True,1
patch4-Time-11-Arja-plausible,False,False,False,False,False,1
patch4-Time-11-Cardumen,False,False,False,False,False,1
patch4-Time-11-JGenProg2017,False,False,False,False,False,1
patch4-Time-11-jKali,False,False,False,False,False,1
patch4-Time-11-jMutRepair,False,False,False,False,False,1
patch4-Time-17-Cardumen,False,False,False,True,True,1
patch4-Time-4-Arja-plausible,False,False,False,False,False,1
patch4-Time-4-Cardumen,False,False,False,False,False,1
patch4-Time-4-JGenProg2017,False,False,False,False,False,1
patch5-Math-20-Arja-plausible,False,False,False,False,False,1
patch5-Math-20-Cardumen,False,False,False,False,False,1
patch5-Math-20-JGenProg2017,False,False,False,False,False,1
patch5-Math-28-Arja-plausible,True,True,True,True,True,1
patch5-Math-28-Cardumen,True,True,True,True,True,1
patch5-Math-28-jKali,True,True,True,True,True,1
patch5-Math-28-jMutRepair,True,True,True,True,True,1
patch5-Math-2-Arja-plausible,True,False,True,False,True,1
patch5-Math-2-Cardumen,True,False,True,True,True,1
patch5-Math-2-JGenProg2017,True,False,True,False,True,1
patch5-Math-30-Cardumen,True,False,False,True,True,1
patch5-Math-31-Arja-plausible,True,False,False,False,False,1
patch5-Math-46-Cardumen,True,True,False,False,False,1
patch5-Math-49-Arja-plausible,True,False,False,True,True,1
patch5-Math-49-Cardumen,True,False,False,True,True,1
patch5-Math-49-JGenProg2017,True,False,False,True,True,1
patch5-Math-63-CapGen-plausible,False,False,False,False,False,1
patch5-Math-63-Cardumen,False,False,False,False,False,1
patch5-Math-70-Cardumen,False,False,False,False,False,1
patch5-Math-73-Cardumen,True,True,False,False,False,1
patch5-Math-73-JGenProg2017,True,True,False,True,True,1
patch5-Math-74-JGenProg2017,True,True,True,True,True,1
patch5-Math-78-Cardumen,True,True,True,True,True,1
patch5-Math-78-JGenProg2017,True,True,True,True,True,1
patch5-Math-79-Cardumen,True,False,False,True,True,1
patch5-Math-80-Arja-plausible,True,False,False,True,True,1
patch5-Math-80-CapGen-plausible,True,False,False,True,True,1
patch5-Math-80-Cardumen,True,False,False,True,True,1
patch5-Math-80-JGenProg2017,True,False,False,True,True,1
patch5-Math-80-jKali,False,False,False,True,True,1
patch5-Math-81-JGenProg2017,True,True,False,True,True,1
patch5-Math-81-jMutRepair,True,True,False,True,True,1
patch5-Math-85-Cardumen,False,False,False,False,False,1
patch5-Math-85-JGenProg2017,False,False,False,False,False,1
patch5-Math-85-SequenceR,False,False,False,False,False,1
patch5-Math-8-Arja-plausible,True,True,False,True,True,1
patch5-Math-8-Cardumen,True,True,False,True,True,1
patch5-Time-11-Arja-plausible,True,True,True,True,True,1
patch5-Time-11-Cardumen,False,False,False,False,False,1
patch5-Time-11-JGenProg2017,True,True,True,True,True,1
patch5-Time-11-jMutRepair,False,False,False,False,False,1
patch5-Time-17-Cardumen,False,False,False,True,True,1
patch5-Time-4-Arja-plausible,False,False,False,False,False,1
patch5-Time-4-Cardumen,False,False,False,False,False,1
patch5-Time-4-JGenProg2017,False,False,False,False,False,1
patch6-Math-20-Arja-plausible,False,False,False,False,False,1
patch6-Math-28-Arja-plausible,True,True,True,True,True,1
patch6-Math-2-Arja-plausible,True,False,True,False,True,1
patch6-Math-31-Arja-plausible,True,False,False,False,False,1
patch6-Math-49-Arja-plausible,True,False,False,True,True,1
patch6-Math-49-Cardumen,True,False,False,True,True,1
patch6-Math-63-CapGen-plausible,False,False,False,False,False,1
patch6-Math-80-Arja-plausible,True,False,False,True,True,1
patch6-Math-80-CapGen-plausible,True,False,False,True,True,1
patch6-Math-85-SequenceR,False,False,False,False,False,1
patch6-Math-8-Arja-plausible,True,True,False,True,True,1
patch6-Time-11-Arja-plausible,True,True,True,True,True,1
patch6-Time-4-Arja-plausible,False,False,False,False,False,1
patch7-Math-20-Arja-plausible,False,False,False,False,False,1
patch7-Math-28-Arja-plausible,True,True,True,True,True,1
patch7-Math-2-Arja-plausible,True,False,True,False,True,1
patch7-Math-31-Arja-plausible,True,False,False,False,False,1
patch7-Math-49-Arja-plausible,True,False,False,True,True,1
patch7-Math-63-CapGen-plausible,False,False,False,False,False,1
patch1-Math-49-DeepRepair,True,False,False,True,True,1
patch1-Math-70-HDRepair,False,False,False,False,False,1
patch4-Math-63-CapGen-plausible,False,False,False,False,False,1
patch5-Math-81-Cardumen,True,True,False,True,True,1
patch5-Time-11-jKali,False,False,False,False,False,1
patch7-Math-80-Arja-plausible,True,False,False,True,True,1
patch7-Math-80-CapGen-plausible,True,False,False,True,True,1
patch7-Math-85-SequenceR,False,False,False,False,False,1
patch7-Math-8-Arja-plausible,True,True,False,True,True,1
patch7-Time-11-Arja-plausible,False,False,False,False,False,1
patch7-Time-4-Arja-plausible,False,False,False,False,False,1
patch8-Math-20-Arja-plausible,False,False,False,False,False,1
patch8-Math-28-Arja-plausible,True,True,True,True,True,1
patch8-Math-2-Arja-plausible,True,False,True,False,True,1
patch8-Math-63-CapGen-plausible,False,False,False,False,False,1
patch8-Math-80-Arja-plausible,True,False,False,True,True,1
patch8-Math-80-CapGen-plausible,True,False,False,True,True,1
patch8-Math-85-SequenceR,False,False,False,False,False,1
patch9-Math-20-Arja-plausible,False,False,False,False,False,1
patch9-Math-28-Arja-plausible,True,True,True,True,True,1
patch9-Math-80-Arja-plausible,True,False,False,True,True,1
patch9-Math-80-CapGen-plausible,True,False,False,True,True,1
patch9-Math-85-SequenceR,False,False,False,False,False,1
patch1-Math-57-Cardumen,True,True,False,True,True,1
patch2-Math-57-Cardumen,True,True,False,True,True,1
patch3-Math-57-Cardumen,True,True,False,True,True,1
patch4-Math-57-Cardumen,True,True,False,True,True,1
patch5-Math-57-Cardumen,True,True,False,True,True,1
patch1-Math-82-ACS,True,False,False,True,True,1
patch1-Math-82-Cardumen,True,True,True,True,True,1
patch1-Math-82-Elixir,True,False,False,True,True,1
patch1-Math-82-HDRepair,True,True,True,True,True,1
patch1-Math-82-Jaid,True,False,False,True,True,1
patch1-Math-82-Jaid-plausible,True,False,False,True,True,1
patch1-Math-82-JGenProg2017,True,False,False,True,True,1
patch1-Math-82-jKali,True,False,False,True,True,1
patch1-Math-82-jMutRepair,True,False,False,True,True,1
patch1-Math-82-SequenceR,True,False,False,True,True,1
patch1-Math-82-SimFix-plausible,True,False,False,True,True,1
patch1-Math-82-SketchFix,True,False,False,True,True,1
patch1-Math-82-SketchFix-plausible,True,False,False,True,True,1
patch1-Math-82-SOFix,True,False,False,True,True,1
patch1-Math-84-JGenProg2017,False,False,False,True,True,1
patch1-Math-84-jKali,True,False,False,True,True,1
patch1-Math-84-jMutRepair,True,False,False,True,True,1
patch1-Math-86-Arja,False,False,False,False,False,1
patch1-Math-88-Cardumen,False,False,False,False,False,1
patch1-Math-88-jMutRepair,False,False,False,False,False,1
patch1-Math-88-SimFix-plausible,False,False,False,False,False,1
patch1-Math-89-ACS,False,False,False,False,False,1
patch1-Math-90-ACS,False,False,False,False,False,1
patch1-Math-97-Cardumen,False,False,False,False,False,1
patch2-Math-82-Cardumen,True,False,False,True,True,1
patch2-Math-82-Jaid-plausible,True,False,False,True,True,1
patch2-Math-82-jMutRepair,True,True,True,True,True,1
patch2-Math-82-SketchFix-plausible,True,False,False,True,True,1
patch2-Math-84-Cardumen,True,False,False,True,True,1
patch2-Math-84-JGenProg2017,False,False,False,True,True,1
patch2-Math-84-jMutRepair,True,False,False,True,True,1
patch2-Math-88-Cardumen,False,False,False,False,False,1
patch2-Math-97-Cardumen,False,False,False,False,False,1
patch3-Math-82-Cardumen,True,True,True,True,True,1
patch3-Math-82-Jaid-plausible,True,True,True,True,True,1
patch3-Math-82-SequenceR,True,False,False,True,True,1
patch3-Math-84-Cardumen,True,False,False,True,True,1
patch3-Math-84-jMutRepair,True,False,False,True,True,1
patch3-Math-88-Cardumen,False,False,False,False,False,1
patch3-Math-97-Cardumen,False,False,False,False,False,1
patch4-Math-82-Cardumen,True,False,False,True,True,1
patch4-Math-82-Jaid-plausible,True,False,False,True,True,1
patch4-Math-84-Cardumen,True,False,False,True,True,1
patch4-Math-84-jMutRepair,True,False,False,True,True,1
patch4-Math-88-Cardumen,False,False,False,False,False,1
patch4-Math-97-Cardumen,False,False,False,False,False,1
patch5-Math-82-Cardumen,True,False,False,True,True,1
patch5-Math-84-Cardumen,True,False,False,True,True,1
patch5-Math-88-Cardumen,False,False,False,False,False,1
patch5-Math-97-Cardumen,False,False,False,False,False,1
patch2-Math-82-SequenceR,True,False,False,True,True,1
patch2-Math-82-SequenceR
patch1-Math-40-Cardumen,True,True,False,True,True,1
patch1-Math-40-JGenProg2017,True,True,False,True,True,1
patch1-Math-41-Cardumen,True,False,False,True,True,1
patch1-Math-41-SimFix,True,False,False,True,True,1
patch1-Math-41-ssFix,True,False,False,True,True,1
patch1-Math-50-Arja,True,True,True,True,True,1
patch1-Math-50-Cardumen,True,True,True,True,True,1
patch1-Math-50-Elixir,True,True,True,True,True,1
patch1-Math-50-HDRepair,True,True,True,True,True,1
patch1-Math-50-Jaid,True,True,True,True,True,1
patch1-Math-50-Jaid-plausible,True,True,True,True,True,1
patch1-Math-50-JGenProg2015,True,True,True,True,True,1
patch1-Math-50-JGenProg2017,True,True,True,True,True,1
patch1-Math-50-jKali,True,True,True,True,True,1
patch1-Math-50-jMutRepair,True,True,True,True,True,1
patch1-Math-50-Nopol2015,True,True,True,True,True,1
patch1-Math-50-SimFix,True,True,True,True,True,1
patch1-Math-50-SketchFix,True,True,True,True,True,1
patch1-Math-50-SOFix,True,True,True,True,True,1
patch1-Math-50-ssFix,True,True,True,True,True,1
patch1-Math-60-Arja-plausible,True,False,True,True,True,1
patch1-Math-60-Cardumen,True,False,True,True,True,1
patch1-Math-69-Cardumen,True,False,True,True,True,1
patch1-Math-95-Cardumen,False,False,False,False,False,1
patch1-Math-95-JGenProg2017,False,False,False,False,False,1
patch2-Math-40-Cardumen,True,True,False,True,True,1
patch2-Math-40-JGenProg2017,True,True,False,True,True,1
patch2-Math-41-Cardumen,True,False,False,True,True,1
patch2-Math-50-Cardumen,True,True,True,True,True,1
patch2-Math-50-JGenProg2017,True,True,True,True,True,1
patch2-Math-60-Cardumen,True,False,True,True,True,1
patch2-Math-69-Cardumen,True,False,True,True,True,1
patch2-Math-95-Cardumen,False,False,False,False,False,1
patch2-Math-95-JGenProg2017,False,False,False,False,False,1
patch3-Math-40-Cardumen,True,True,False,True,True,1
patch3-Math-40-JGenProg2017,True,True,False,True,True,1
patch3-Math-41-Cardumen,False,False,False,False,False,1
patch3-Math-50-Cardumen,True,True,True,True,True,1
patch3-Math-50-Jaid-plausible,True,True,True,True,True,1
patch3-Math-50-JGenProg2017,True,True,True,True,True,1
patch3-Math-60-Cardumen,True,False,True,True,True,1
patch3-Math-95-Cardumen,False,False,False,False,False,1
patch3-Math-95-JGenProg2017,False,False,False,False,False,1
patch4-Math-40-Cardumen,True,True,False,True,True,1
patch4-Math-50-Cardumen,True,True,True,True,True,1
patch4-Math-50-JGenProg2017,True,True,True,True,True,1
patch4-Math-60-Cardumen,True,False,True,True,True,1
patch4-Math-95-Cardumen,False,False,False,False,False,1
patch4-Math-95-JGenProg2017,False,False,False,False,False,1
patch5-Math-40-Cardumen,True,False,False,True,True,1
patch5-Math-41-Cardumen,True,False,False,True,True,1
patch5-Math-50-Cardumen,True,True,True,True,True,1
patch5-Math-50-JGenProg2017,True,True,True,True,True,1
patch5-Math-60-Cardumen,True,False,True,True,True,1
patch5-Math-95-Cardumen,False,False,False,False,False,1
patch5-Math-95-JGenProg2017,False,False,False,False,False,1
Math-20,1,1,1,1,1,24
Math-28,34,34,34,34,34,34
Math-80,51,3,0,53,53,53
Math-85,0,0,0,0,0,46
Math-18,4,4,2,4,4,4
Math-25,0,0,0,0,0,1
Math-2,25,0,27,6,27,27
Math-30,8,3,3,5,8,8
Math-31,7,0,0,0,0,7
Math-32,8,1,3,6,7,8
Math-33,8,8,8,8,8,8
Math-34,0,0,0,0,0,3
Math-35,0,0,0,0,0,0
Math-39,2,2,0,2,2,2
Math-3,1,1,0,1,1,1
Math-46,5,5,0,0,0,5
Math-49,19,0,0,21,21,21
Math-53,12,8,0,12,12,12
Math-56,1,0,0,1,1,1
Math-57,12,12,6,12,12,12
Math-58,1,3,0,1,1,6
Math-59,0,0,0,0,0,3
Math-5,16,16,8,11,11,16
Math-62,2,2,2,0,2,2
Math-63,0,0,0,0,0,16
Math-65,1,1,1,0,1,1
Math-68,1,1,0,1,1,1
Math-6,0,0,0,0,0,5
Math-70,0,0,0,0,0,12
Math-71,1,1,1,1,1,1
Math-73,15,15,0,4,4,15
Math-74,7,7,7,7,7,8
Math-75,0,0,0,0,0,1
Math-78,10,9,10,10,10,10
Math-79,6,0,0,7,7,7
Math-7,1,1,0,0,0,1
Math-81,22,19,6,22,22,22
Math-8,16,16,0,16,16,16
Time-11,7,7,7,7,7,29
Time-14,0,0,0,1,1,1
Time-15,2,0,0,3,3,3
Time-17,0,0,0,5,5,5
Time-18,0,0,0,1,1,1
Time-19,0,0,0,1,1,1
Time-4,1,1,0,1,1,17
Time-7,0,0,0,2,2,2
Time-9,0,0,0,1,1,1
Math-82,25,5,5,25,25,25
Math-84,9,0,0,11,11,11
Math-86,0,0,0,0,0,1
Math-88,0,0,0,0,0,7
Math-89,0,0,0,0,0,1
Math-90,0,0,0,0,0,1
Math-93,0,0,0,0,0,0
Math-95,0,0,0,0,0,10
Math-97,0,0,0,0,0,5
Math-99,0,0,0,0,0,0
Math-40,8,7,0,8,8,8
Math-41,5,0,0,5,5,6
Math-50,24,24,24,24,24,24
Math-60,6,0,6,6,6,6
Math-61,0,0,0,0,0,0
Math-69,2,0,2,2,2,2
ALL,386,217,163,349,377,587
